{
  "id": "lancer-style-library",
  "title": "Lancer Style Library",
  "description": "Shared UI styles library for Lancer modules - provides consistent dialog styles across multiple Lancer-related modules",
  "version": "1.0.0",
  "compatibility": {
    "minimum": "11",
    "verified": "12"
  },
  "styles": [
    "styles/lancer-dialogs.css"
  ],
  "relationships": {
    "systems": [
      {
        "id": "lancer",
        "type": "system",
        "compatibility": {
          "minimum": "2.0.0"
        }
      }
    ]
  },
  "url": "https://github.com/Agraael/lancer-style-library",
  "manifest": "https://github.com/Agraael/lancer-style-library/releases/latest/download/module.json",
  "download": "https://github.com/Agraael/lancer-style-library/releases/latest/download/module.zip"
}